,shipment_id,distance_km,weight_kg,cost_rub
count,10.0,10.0,10.0,10.0
mean,5.5,1222.0,965.0,27050.0
std,3.0276503540974917,684.3780631590505,489.9262983120806,16171.734600839825
min,1.0,710.0,400.0,14500.0
25%,3.25,800.0,637.5,17125.0
50%,5.5,800.0,850.0,18250.0
75%,7.75,1500.0,1150.0,31750.0
max,10.0,2800.0,2000.0,65000.0
